id,first_name,last_name,email,gender,ip_address
1,Donna,Roberts,droberts0@ow.ly,Female,44.148.9.48
2,Janet,Frazier,jfrazier1@theglobeandmail.com,Female,236.13.238.152
3,Joan,Richardson,jrichardson2@unc.edu,Female,23.181.106.34
4,Marie,Ruiz,mruiz3@diigo.com,Female,162.248.82.159
5,Doris,Hayes,dhayes4@histats.com,Female,141.89.75.252
6,Joseph,Richards,jrichards5@vk.com,Male,131.196.161.120
7,Linda,Meyer,lmeyer6@imageshack.us,Female,152.201.14.29
8,Ronald,Olson,rolson7@scribd.com,Male,26.125.241.195
9,Sharon,Gilbert,sgilbert8@scribd.com,Female,236.0.125.100
10,Kimberly,Gomez,kgomez9@ezinearticles.com,Female,37.253.115.163
11,Richard,Henderson,rhendersona@yale.edu,Male,206.20.167.194
12,Harry,Anderson,handersonb@jiathis.com,Male,155.4.36.247
13,Melissa,Griffin,mgriffinc@miitbeian.gov.cn,Female,96.11.56.205
14,Jesse,Tucker,jtuckerd@hatena.ne.jp,Male,155.93.17.53
15,Samuel,Myers,smyerse@pcworld.com,Male,11.140.2.249
16,Anne,Moore,amooref@trellian.com,Female,97.43.37.227
17,Douglas,Knight,dknightg@squarespace.com,Male,12.227.116.146
18,Stephen,Stephens,sstephensh@typepad.com,Male,158.114.85.159
19,Raymond,Allen,ralleni@usnews.com,Male,126.94.58.117
20,Melissa,Cruz,mcruzj@weebly.com,Female,238.249.11.116
21,Annie,Riley,arileyk@soundcloud.com,Female,226.141.41.96
22,Julie,Williams,jwilliamsl@usda.gov,Female,246.132.89.180
23,Rebecca,Gardner,rgardnerm@altervista.org,Female,11.80.1.190
24,Sara,Hawkins,shawkinsn@sogou.com,Female,153.202.239.93
25,Amy,Matthews,amatthewso@washingtonpost.com,Female,27.179.35.62
26,Mary,Murray,mmurrayp@telegraph.co.uk,Female,177.54.47.251
27,Deborah,Gomez,dgomezq@twitpic.com,Female,72.216.87.68
28,Joseph,Peters,jpetersr@photobucket.com,Male,203.86.43.76
29,Brian,Powell,bpowells@linkedin.com,Male,122.109.18.208
30,Gerald,Black,gblackt@google.com.hk,Male,75.175.15.179
31,Donald,Crawford,dcrawfordu@dyndns.org,Male,60.60.123.32
32,Gloria,Murray,gmurrayv@cpanel.net,Female,14.9.194.82
33,Louise,Carter,lcarterw@umich.edu,Female,21.18.83.88
34,Anthony,Martinez,amartinezx@berkeley.edu,Male,129.253.1.164
35,William,Gardner,wgardnery@mashable.com,Male,49.86.80.181
36,Judy,Spencer,jspencerz@opera.com,Female,231.179.216.95
37,Paula,Rogers,progers10@princeton.edu,Female,94.18.193.93
38,Albert,Mitchell,amitchell11@hubpages.com,Male,62.68.145.173
39,Christopher,Day,cday12@wikispaces.com,Male,100.15.62.23
40,Debra,Carter,dcarter13@pagesperso-orange.fr,Female,94.135.58.49
41,Joan,Hill,jhill14@photobucket.com,Female,8.149.183.63
42,Patrick,Ruiz,pruiz15@alexa.com,Male,249.41.25.173
43,Timothy,Brooks,tbrooks16@amazon.de,Male,209.82.215.243
44,Tammy,Arnold,tarnold17@networkadvertising.org,Female,106.22.19.62
45,Martha,Riley,mriley18@amazonaws.com,Female,234.252.66.37
46,Benjamin,Morgan,bmorgan19@tmall.com,Male,157.85.239.208
47,Robert,Hamilton,rhamilton1a@nydailynews.com,Male,254.58.10.128
48,Andrea,King,aking1b@accuweather.com,Female,127.96.192.196
49,Sarah,Cunningham,scunningham1c@tripod.com,Female,163.61.65.24
50,Ernest,Austin,eaustin1d@rambler.ru,Male,248.53.121.32
51,Phyllis,Jenkins,pjenkins1e@macromedia.com,Female,110.199.17.236
52,Jason,Phillips,jphillips1f@furl.net,Male,181.28.51.72
53,Mark,Stevens,mstevens1g@sfgate.com,Male,174.213.137.69
54,Christopher,Price,cprice1h@ow.ly,Male,131.9.45.66
55,Paula,Gardner,pgardner1i@purevolume.com,Female,11.40.97.69
56,Andrew,Wood,awood1j@360.cn,Male,117.76.243.239
57,Randy,Baker,rbaker1k@howstuffworks.com,Male,241.206.143.89
58,Lois,Lee,llee1l@studiopress.com,Female,121.225.102.102
59,Shirley,Banks,sbanks1m@apple.com,Female,105.183.45.152
60,Willie,Fowler,wfowler1n@cam.ac.uk,Male,222.4.200.194
61,Kathryn,Morales,kmorales1o@phoca.cz,Female,8.133.75.86
62,Rebecca,Palmer,rpalmer1p@imgur.com,Female,147.51.79.241
63,Debra,Hall,dhall1q@barnesandnoble.com,Female,136.248.180.221
64,Rachel,Harrison,rharrison1r@howstuffworks.com,Female,206.58.242.202
65,Walter,Lawson,wlawson1s@pbs.org,Male,182.58.146.89
66,Howard,Jackson,hjackson1t@tinyurl.com,Male,152.204.68.140
67,Patrick,Moore,pmoore1u@businesswire.com,Male,127.181.169.181
68,Robin,Henderson,rhenderson1v@youku.com,Female,173.249.252.129
69,Martha,Meyer,mmeyer1w@hatena.ne.jp,Female,131.45.135.218
70,Adam,Spencer,aspencer1x@wix.com,Male,166.237.203.251
71,Julie,Montgomery,jmontgomery1y@dyndns.org,Female,47.39.58.144
72,Robert,Nguyen,rnguyen1z@ehow.com,Male,233.16.222.34
73,Melissa,Austin,maustin20@merriam-webster.com,Female,88.112.226.26
74,Cheryl,Sims,csims21@stanford.edu,Female,237.1.40.131
75,Wanda,King,wking22@chron.com,Female,234.81.250.0
76,Harold,Robinson,hrobinson23@naver.com,Male,224.146.137.229
77,Cheryl,Graham,cgraham24@prnewswire.com,Female,125.42.79.46
78,Christine,Carter,ccarter25@redcross.org,Female,84.114.61.119
79,Patricia,Larson,plarson26@tamu.edu,Female,245.48.19.164
80,Debra,Hill,dhill27@ucla.edu,Female,209.209.130.194
81,Jesse,Sims,jsims28@buzzfeed.com,Male,99.78.180.228
82,Craig,Carroll,ccarroll29@dagondesign.com,Male,169.39.99.22
83,Gregory,Brown,gbrown2a@twitter.com,Male,162.99.207.199
84,Sara,Sims,ssims2b@wikimedia.org,Female,155.20.234.44
85,Sarah,Carroll,scarroll2c@paginegialle.it,Female,128.139.161.253
86,Scott,Robinson,srobinson2d@deviantart.com,Male,146.93.235.98
87,Gerald,Franklin,gfranklin2e@seesaa.net,Male,202.35.33.50
88,Samuel,Collins,scollins2f@hubpages.com,Male,205.86.16.36
89,Keith,Nichols,knichols2g@gizmodo.com,Male,4.63.155.142
90,Roy,Stone,rstone2h@google.com.br,Male,179.63.204.15
91,Diane,Wood,dwood2i@woothemes.com,Female,195.228.157.163
92,Gregory,Jacobs,gjacobs2j@tiny.cc,Male,189.255.116.235
93,Stephanie,Jacobs,sjacobs2k@cornell.edu,Female,228.129.52.205
94,Daniel,Oliver,doliver2l@instagram.com,Male,248.121.96.178
95,Howard,Bennett,hbennett2m@irs.gov,Male,99.166.212.188
96,Arthur,Oliver,aoliver2n@alibaba.com,Male,218.114.74.193
97,Ruth,Henderson,rhenderson2o@photobucket.com,Female,221.132.207.82
98,Charles,Gonzales,cgonzales2p@spiegel.de,Male,225.184.28.43
99,Brenda,Allen,ballen2q@geocities.jp,Female,127.199.120.151
100,Jeffrey,Lane,jlane2r@com.com,Male,112.142.209.116
